mrn,sample_id,first_last,protocol_no,nct_id,genomic_alteration,tier,match_type,trial_accrual_status,match_level,code,internal_id,ord_physician_name,ord_physician_email,vital_status,oncotree_primary_diagnosis_name,true_hugo_symbol,true_protein_change,true_variant_classification,variant_category,report_date,chromosome,position,true_cdna_change,reference_allele,true_transcript_exon,canonical_strand,allele_fraction,cnv_call,wildtype,_id
19,SA074,,00-001,NCT03297606,TP53 D281Y,,gene,open,arm,Group2,2,Shah SP PHD,sshah@bccrc.ca,,Breast Invasive Ductal Carcinoma,TP53,D281Y,Missense_Mutation,MUTATION,2012-04-04 00:00:00,chr17,7.577097e+06,,C,1,-,0.5,,false,ObjectId(5aca4001cc151a0710a706ef)
47,SA217,,00-001,NCT03297606,TP53 V272L,,gene,open,arm,Group2,2,Shah SP PHD,sshah@bccrc.ca,,Breast Invasive Ductal Carcinoma,TP53,V272L,Missense_Mutation,MUTATION,2012-04-04 00:00:00,chr17,7.577124e+06,,C,1,-,0.5,,false,ObjectId(5aca4001cc151a0710a706f0)
23,SA080,,00-001,NCT03297606,TP53 Y220C,,gene,open,arm,Group2,2,Shah SP PHD,sshah@bccrc.ca,,Breast Invasive Ductal Carcinoma,TP53,Y220C,Missense_Mutation,MUTATION,2012-04-04 00:00:00,chr17,7.57819e+06,,T,1,-,0.5,,false,ObjectId(5aca4001cc151a0710a706f1)
3,SA030,,00-001,NCT03297606,TP53 R175H,,gene,open,arm,Group2,2,Shah SP PHD,sshah@bccrc.ca,,Breast Invasive Ductal Carcinoma,TP53,R175H,Missense_Mutation,MUTATION,2012-04-04 00:00:00,chr17,7.578406e+06,,C,1,-,0.5,,false,ObjectId(5aca4001cc151a0710a706f2)
33,SA097,,00-001,NCT03297606,TP53 R175H,,gene,open,arm,Group2,2,Shah SP PHD,sshah@bccrc.ca,,Breast Invasive Ductal Carcinoma,TP53,R175H,Missense_Mutation,MUTATION,2012-04-04 00:00:00,chr17,7.578406e+06,,C,1,-,0.5,,false,ObjectId(5aca4001cc151a0710a706f3)
31,SA094,,00-001,NCT03297606,TP53 E287*,,gene,open,arm,Group2,2,Shah SP PHD,sshah@bccrc.ca,,Breast Invasive Ductal Carcinoma,TP53,E287*,Nonsense_Mutation,MUTATION,2012-04-04 00:00:00,chr17,7.577079e+06,,C,1,-,0.5,,false,ObjectId(5aca4001cc151a0710a706f4)
25,SA084,,00-001,NCT03297606,TP53 H179R,,gene,open,arm,Group2,2,Shah SP PHD,sshah@bccrc.ca,,Breast Invasive Ductal Carcinoma,TP53,H179R,Missense_Mutation,MUTATION,2012-04-04 00:00:00,chr17,7.578394e+06,,T,1,-,0.5,,false,ObjectId(5aca4001cc151a0710a706f5)
15,SA069,,00-001,NCT03297606,TP53 S241F,,gene,open,arm,Group2,2,Shah SP PHD,sshah@bccrc.ca,,Breast Invasive Ductal Carcinoma,TP53,S241F,Missense_Mutation,MUTATION,2012-04-04 00:00:00,chr17,7.577559e+06,,G,1,-,0.5,,false,ObjectId(5aca4001cc151a0710a706f6)
11,SA063,,00-001,NCT03297606,TP53 M246T,,gene,open,arm,Group2,2,Shah SP PHD,sshah@bccrc.ca,,Breast Invasive Ductal Carcinoma,TP53,M246T,Missense_Mutation,MUTATION,2012-04-04 00:00:00,chr17,7.577544e+06,,A,1,-,0.5,,false,ObjectId(5aca4001cc151a0710a706f7)
43,SA213,,00-001,NCT03297606,TP53 E339*,,gene,open,arm,Group2,2,Shah SP PHD,sshah@bccrc.ca,,Breast Invasive Ductal Carcinoma,TP53,E339*,Nonsense_Mutation,MUTATION,2012-04-04 00:00:00,chr17,7.574012e+06,,C,1,-,0.5,,false,ObjectId(5aca4001cc151a0710a706f8)
10,SA056,,00-001,NCT03297606,TP53 X307_splice,,gene,open,arm,Group2,2,Shah SP PHD,sshah@bccrc.ca,,Breast Invasive Ductal Carcinoma,TP53,X307_splice,Splice_Site,MUTATION,2012-04-04 00:00:00,chr17,7.577018e+06,,C,1,-,0.5,,false,ObjectId(5aca4001cc151a0710a706f9)
17,SA072,,00-001,NCT03297606,BRCA2 S2835*,,gene,open,arm,Group2,2,Shah SP PHD,sshah@bccrc.ca,,Breast Invasive Ductal Carcinoma,BRCA2,S2835*,Nonsense_Mutation,MUTATION,2012-04-04 00:00:00,chr13,3.2945109e+07,,C,1,+,0.5,,false,ObjectId(5aca4001cc151a0710a706fa)
17,SA072,,00-001,NCT03297606,TP53 T155N,,gene,open,arm,Group2,2,Shah SP PHD,sshah@bccrc.ca,,Breast Invasive Ductal Carcinoma,TP53,T155N,Missense_Mutation,MUTATION,2012-04-04 00:00:00,chr17,7.578466e+06,,G,1,-,0.5,,false,ObjectId(5aca4001cc151a0710a706fb)
7,SA053,,00-001,NCT03297606,TP53 R248W,,gene,open,arm,Group2,2,Shah SP PHD,sshah@bccrc.ca,,Breast Invasive Ductal Carcinoma,TP53,R248W,Missense_Mutation,MUTATION,2012-04-04 00:00:00,chr17,7.577539e+06,,G,1,-,0.5,,false,ObjectId(5aca4001cc151a0710a706fc)
62,SA234,,00-001,NCT03297606,TP53 I195S,,gene,open,arm,Group2,2,Shah SP PHD,sshah@bccrc.ca,,Breast Invasive Ductal Carcinoma,TP53,I195S,Missense_Mutation,MUTATION,2012-04-04 00:00:00,chr17,7.578265e+06,,A,1,-,0.5,,false,ObjectId(5aca4001cc151a0710a706fd)
32,SA096,,00-001,NCT03297606,ERBB2 S310F,,gene,open,arm,Group1,1,Shah SP PHD,sshah@bccrc.ca,,Breast Invasive Ductal Carcinoma,ERBB2,S310F,Missense_Mutation,MUTATION,2012-04-04 00:00:00,chr17,3.7868208e+07,,C,1,+,0.5,,false,ObjectId(5aca4001cc151a0710a706fe)
32,SA096,,00-001,NCT03297606,ERBB2 L755S,,gene,open,arm,Group1,1,Shah SP PHD,sshah@bccrc.ca,,Breast Invasive Ductal Carcinoma,ERBB2,L755S,Missense_Mutation,MUTATION,2012-04-04 00:00:00,chr17,3.788022e+07,,T,1,+,0.5,,false,ObjectId(5aca4001cc151a0710a706ff)
12,SA065,,00-001,NCT03297606,ERBB2 Y835F,,gene,open,arm,Group1,1,Shah SP PHD,sshah@bccrc.ca,,Breast Invasive Ductal Carcinoma,ERBB2,Y835F,Missense_Mutation,MUTATION,2012-04-04 00:00:00,chr17,3.7881312e+07,,A,1,+,0.5,,false,ObjectId(5aca4001cc151a0710a70700)
43,SA213,,00-001,NCT03297606,EGFR L387V,,gene,open,arm,Group1,1,Shah SP PHD,sshah@bccrc.ca,,Breast Invasive Ductal Carcinoma,EGFR,L387V,Missense_Mutation,MUTATION,2012-04-04 00:00:00,chr7,5.5224477e+07,,C,1,+,0.5,,false,ObjectId(5aca4001cc151a0710a70701)
36,SA101,,00-001,NCT03297606,TP53 V157F,,gene,open,arm,Group2,2,Shah SP PHD,sshah@bccrc.ca,,Breast Invasive Ductal Carcinoma,TP53,V157F,Missense_Mutation,MUTATION,2012-04-04 00:00:00,chr17,7.578461e+06,,C,1,-,0.5,,false,ObjectId(5aca4001cc151a0710a70702)
22,SA077,,00-001,NCT03297606,CDK8 T410I,,gene,open,arm,Group3,3,Shah SP PHD,sshah@bccrc.ca,,Breast Invasive Ductal Carcinoma,CDK8,T410I,Missense_Mutation,MUTATION,2012-04-04 00:00:00,chr13,2.6975721e+07,,C,1,+,0.5,,false,ObjectId(5aca4001cc151a0710a70703)
4,SA031,,00-001,NCT03297606,CCNDBP1 A309P,,gene,open,arm,Group3,3,Shah SP PHD,sshah@bccrc.ca,,Breast Invasive Ductal Carcinoma,CCNDBP1,A309P,Missense_Mutation,MUTATION,2012-04-04 00:00:00,chr15,4.3486616e+07,,G,1,+,0.5,,false,ObjectId(5aca4001cc151a0710a70704)
18,SA073,,00-001,NCT03297606,TP53 C176F,,gene,open,arm,Group2,2,Shah SP PHD,sshah@bccrc.ca,,Breast Invasive Ductal Carcinoma,TP53,C176F,Missense_Mutation,MUTATION,2012-04-04 00:00:00,chr17,7.578403e+06,,C,1,-,0.5,,false,ObjectId(5aca4001cc151a0710a70705)
30,SA093,,00-001,NCT03297606,TP53 Y107*,,gene,open,arm,Group2,2,Shah SP PHD,sshah@bccrc.ca,,Breast Invasive Ductal Carcinoma,TP53,Y107*,Nonsense_Mutation,MUTATION,2012-04-04 00:00:00,chr17,7.579366e+06,,G,1,-,0.5,,false,ObjectId(5aca4001cc151a0710a70706)
1,SA018,,00-001,NCT03297606,TP53 R175H,,gene,open,arm,Group2,2,Shah SP PHD,sshah@bccrc.ca,,Breast Invasive Ductal Carcinoma,TP53,R175H,Missense_Mutation,MUTATION,2012-04-04 00:00:00,chr17,7.578406e+06,,C,1,-,0.5,,false,ObjectId(5aca4001cc151a0710a70707)
56,SA227,,00-001,NCT03297606,TP53 Y220C,,gene,open,arm,Group2,2,Shah SP PHD,sshah@bccrc.ca,,Breast Invasive Ductal Carcinoma,TP53,Y220C,Missense_Mutation,MUTATION,2012-04-04 00:00:00,chr17,7.57819e+06,,T,1,-,0.5,,false,ObjectId(5aca4001cc151a0710a70708)
64,SA236,,00-001,NCT03297606,TP53 Y220C,,gene,open,arm,Group2,2,Shah SP PHD,sshah@bccrc.ca,,Breast Invasive Ductal Carcinoma,TP53,Y220C,Missense_Mutation,MUTATION,2012-04-04 00:00:00,chr17,7.57819e+06,,T,1,-,0.5,,false,ObjectId(5aca4001cc151a0710a70709)
55,SA226,,00-001,NCT03297606,TP53 C176*,,gene,open,arm,Group2,2,Shah SP PHD,sshah@bccrc.ca,,Breast Invasive Ductal Carcinoma,TP53,C176*,Nonsense_Mutation,MUTATION,2012-04-04 00:00:00,chr17,7.578402e+06,,G,1,-,0.5,,false,ObjectId(5aca4001cc151a0710a7070a)
13,SA067,,00-001,NCT03297606,TP53 K132N,,gene,open,arm,Group2,2,Shah SP PHD,sshah@bccrc.ca,,Breast Invasive Ductal Carcinoma,TP53,K132N,Missense_Mutation,MUTATION,2012-04-04 00:00:00,chr17,7.578534e+06,,C,1,-,0.5,,false,ObjectId(5aca4001cc151a0710a7070b)
57,SA228,,00-001,NCT03297606,TP53 R213*,,gene,open,arm,Group2,2,Shah SP PHD,sshah@bccrc.ca,,Breast Invasive Ductal Carcinoma,TP53,R213*,Nonsense_Mutation,MUTATION,2012-04-04 00:00:00,chr17,7.578212e+06,,G,1,-,0.5,,false,ObjectId(5aca4001cc151a0710a7070c)
12,SA065,,00-001,NCT03297606,BRCA2 R2418T,,gene,open,arm,Group2,2,Shah SP PHD,sshah@bccrc.ca,,Breast Invasive Ductal Carcinoma,BRCA2,R2418T,Missense_Mutation,MUTATION,2012-04-04 00:00:00,chr13,3.2929243e+07,,G,1,+,0.5,,false,ObjectId(5aca4001cc151a0710a7070d)
12,SA065,,00-001,NCT03297606,TP53 Q317*,,gene,open,arm,Group2,2,Shah SP PHD,sshah@bccrc.ca,,Breast Invasive Ductal Carcinoma,TP53,Q317*,Nonsense_Mutation,MUTATION,2012-04-04 00:00:00,chr17,7.576897e+06,,G,1,-,0.5,,false,ObjectId(5aca4001cc151a0710a7070e)
27,SA089,,00-001,NCT03297606,TP53 X307_splice,,gene,open,arm,Group2,2,Shah SP PHD,sshah@bccrc.ca,,Breast Invasive Ductal Carcinoma,TP53,X307_splice,Splice_Site,MUTATION,2012-04-04 00:00:00,chr17,7.576928e+06,,T,1,-,0.5,,false,ObjectId(5aca4001cc151a0710a7070f)
22,SA077,,00-001,NCT03297606,TP53 Y126*,,gene,open,arm,Group2,2,Shah SP PHD,sshah@bccrc.ca,,Breast Invasive Ductal Carcinoma,TP53,Y126*,Nonsense_Mutation,MUTATION,2012-04-04 00:00:00,chr17,7.578552e+06,,G,1,-,0.5,,false,ObjectId(5aca4001cc151a0710a70710)
5,SA051,,00-001,NCT03297606,TP53 R306*,,gene,open,arm,Group2,2,Shah SP PHD,sshah@bccrc.ca,,Breast Invasive Ductal Carcinoma,TP53,R306*,Nonsense_Mutation,MUTATION,2012-04-04 00:00:00,chr17,7.577022e+06,,G,1,-,0.5,,false,ObjectId(5aca4001cc151a0710a70711)
44,SA214,,00-001,NCT03297606,TP53 P250H,,gene,open,arm,Group2,2,Shah SP PHD,sshah@bccrc.ca,,Breast Invasive Ductal Carcinoma,TP53,P250H,Missense_Mutation,MUTATION,2012-04-04 00:00:00,chr17,7.577532e+06,,G,1,-,0.5,,false,ObjectId(5aca4001cc151a0710a70712)
49,SA219,,00-001,NCT03297606,TP53 R280K,,gene,open,arm,Group2,2,Shah SP PHD,sshah@bccrc.ca,,Breast Invasive Ductal Carcinoma,TP53,R280K,Missense_Mutation,MUTATION,2012-04-04 00:00:00,chr17,7.577099e+06,,C,1,-,0.5,,false,ObjectId(5aca4001cc151a0710a70713)
20,SA075,,00-001,NCT03297606,TP53 X307_splice,,gene,open,arm,Group2,2,Shah SP PHD,sshah@bccrc.ca,,Breast Invasive Ductal Carcinoma,TP53,X307_splice,Splice_Site,MUTATION,2012-04-04 00:00:00,chr17,7.577018e+06,,C,1,-,0.5,,false,ObjectId(5aca4001cc151a0710a70714)
42,SA212,,00-001,NCT03297606,TP53 R273H,,gene,open,arm,Group2,2,Shah SP PHD,sshah@bccrc.ca,,Breast Invasive Ductal Carcinoma,TP53,R273H,Missense_Mutation,MUTATION,2012-04-04 00:00:00,chr17,7.57712e+06,,C,1,-,0.5,,false,ObjectId(5aca4001cc151a0710a70715)
21,SA076,,00-001,NCT03297606,TP53 N131I,,gene,open,arm,Group2,2,Shah SP PHD,sshah@bccrc.ca,,Breast Invasive Ductal Carcinoma,TP53,N131I,Missense_Mutation,MUTATION,2012-04-04 00:00:00,chr17,7.578538e+06,,T,1,-,0.5,,false,ObjectId(5aca4001cc151a0710a70716)
